212-235-89-42-76,inconnu,2025-11-26 09:26:07,refuse
211-183-212-9-185,inconnu,2025-11-26 09:26:29,refuse
212-235-89-42-76,Claire Obscur,2025-11-26 09:27:02,accepte
211-183-212-9-185,inconnu,2025-11-26 09:27:05,refuse
211-183-212-9-185,inconnu,2025-11-26 09:28:01,refuse
212-235-89-42-76,Claire Obscur,2025-11-26 09:28:07,accepte
212-235-89-42-76,Claire Obscur,2025-11-26 09:28:11,accepte
211-183-212-9-185,inconnu,2025-11-26 09:29:18,refuse
212-235-89-42-76,Claire Obscur,2025-11-26 09:29:22,accepte
212-235-89-42-76,Claire Obscur,2025-11-26 09:29:28,accepte
212-235-89-42-76,Claire Obscur,2025-11-26 09:30:18,accepte
211-183-212-9-185,inconnu,2025-11-26 09:30:24,refuse
212-235-89-42-76,Claire Obscur,2025-11-26 09:31:33,accepte
211-183-212-9-185,inconnu,2025-11-26 09:31:37,refuse
212-235-89-42-76,Claire Obscur,2025-11-26 10:57:27,accepte
211-183-212-9-185,inconnu,2025-11-26 10:57:42,refuse
212-235-89-42-76,Claire Obscur,2025-11-26 12:02:01,accepte
212-235-89-42-76,Claire Obscur,2025-11-28 11:05:32,accepte
211-183-212-9-185,inconnu,2025-11-28 11:26:57,refuse
211-183-212-9-185,inconnu,2025-11-28 11:27:12,refuse
212-235-89-42-76,Inconnu,2025-12-02 18:56:33,refuse
211-183-212-9-185,Inconnu,2025-12-02 18:56:54,refuse
212-235-89-42-76,Inconnu,2025-12-02 19:02:34,refuse
211-183-212-9-185,Inconnu,2025-12-02 19:02:40,refuse
212-235-89-42-76,Inconnu,2025-12-02 19:03:23,refuse
212-235-89-42-76,Claire Obscur,2025-12-02 19:05:07,accepte
211-183-212-9-185,Inconnu,2025-12-02 19:05:19,refuse
211-183-212-9-185,Inconnu,2025-12-02 19:05:31,refuse
211-183-212-9-185, Admin,2025-12-02 19:07:27,accepte
211-183-212-9-185, Admin,2025-12-02 19:07:35,accepte
212-235-89-42-76,Claire Obscur,2025-12-02 19:07:39,accepte
212-235-89-42-76,Claire Obscur,2025-12-02 19:08:08,accepte
211-183-212-9-185,Admin,2025-12-02 19:08:12,accepte
211-183-212-9-185,Admin,2025-12-02 19:13:57,accepte
211-183-212-9-185,Admin,2025-12-02 19:18:31,accepte
211-183-212-9-185,Admin,2025-12-02 19:23:07,accepte
211-183-212-9-185,Admin,2025-12-02 19:35:37,accepte
211-183-212-9-185,Admin,2025-12-02 19:40:54,accepte
212-235-89-42-76,zakariatest,2025-12-02 19:42:00,accepte
211-183-212-9-185,Admin,2025-12-02 19:42:10,accepte
211-183-212-9-185,test1,2025-12-02 19:43:49,refuse (desactivee)
212-235-89-42-76,Admin,2025-12-02 19:44:07,accepte
212-235-89-42-76,Admin,2025-12-02 19:55:50,accepte
211-183-212-9-185,testid,2025-12-02 20:01:39,accepte
211-183-212-9-185,testid,2025-12-02 20:01:41,accepte
212-235-89-42-76,Admin,2025-12-02 20:01:44,accepte
212-235-89-42-76,Admin,2025-12-02 20:10:28,accepte
212-235-89-42-76,Admin,2025-12-02 20:11:35,accepte
212-235-89-42-76,Admin,2025-12-02 20:14:06,accepte
212-235-89-42-76,Admin,2025-12-02 20:17:18,accepte
212-235-89-42-76,Admin,2025-12-02 20:18:00,accepte
250-152-169-174-101,Admin,2025-12-03 04:41:36,accepte
250-152-169-174-101,Admin,2025-12-03 04:56:30,accepte
154-171-133-173-25,Edie,2025-12-03 04:56:44,accepte
154-171-133-173-25,Edie,2025-12-03 04:56:46,accepte
154-171-133-173-25,Edie,2025-12-03 04:56:55,accepte
154-171-133-173-25,Edie,2025-12-03 04:57:21,accepte
154-171-133-173-25,Edie,2025-12-03 04:57:24,accepte
154-171-133-173-25,Edie,2025-12-03 05:09:03,accepte
154-171-133-173-25,Edie,2025-12-03 05:09:16,accepte
154-171-133-173-25,Edie,2025-12-03 05:09:26,accepte
154-171-133-173-25,Edie,2025-12-03 05:09:31,accepte
154-171-133-173-25,Edie,2025-12-03 05:10:06,accepte
250-152-169-174-101,Admin,2025-12-03 05:14:00,accepte
154-171-133-173-25,Edie,2025-12-03 05:14:16,accepte
154-171-133-173-25,Edie,2025-12-03 05:14:21,accepte
154-171-133-173-25,Edie,2025-12-03 05:14:44,accepte
250-152-169-174-101,Admin,2025-12-03 05:15:03,accepte
154-171-133-173-25,Edie,2025-12-03 05:26:51,accepte
154-171-133-173-25,Edie,2025-12-03 05:26:59,accepte
250-152-169-174-101,Admin,2025-12-03 05:27:08,accepte
250-152-169-174-101,Admin,2025-12-03 05:31:37,accepte
250-152-169-174-101,Admin,2025-12-03 05:36:52,accepte
154-171-133-173-25,hok,2025-12-03 05:51:23,accepte
154-171-133-173-25,hok,2025-12-03 05:51:30,accepte
250-152-169-174-101,Admin,2025-12-03 05:51:37,accepte
154-171-133-173-25,Jo,2025-12-03 06:03:05,accepte
154-171-133-173-25,Jo,2025-12-03 06:03:11,accepte
250-152-169-174-101,Admin,2025-12-03 06:03:16,accepte
154-171-133-173-25,moi,2025-12-03 06:12:04,accepte
250-152-169-174-101,Admin,2025-12-03 06:12:12,accepte
250-152-169-174-101,Admin,2025-12-03 06:28:25,accepte
154-171-133-173-25,ty,2025-12-03 06:38:37,accepte
154-171-133-173-25,ty,2025-12-03 06:38:50,accepte
250-152-169-174-101,Admin,2025-12-03 06:38:57,accepte
154-171-133-173-25,ty,2025-12-03 06:41:44,accepte
250-152-169-174-101,Admin,2025-12-03 06:41:50,accepte
250-152-169-174-101,Admin,2025-12-03 06:56:23,accepte
154-171-133-173-25,ty,2025-12-03 06:56:35,accepte
250-152-169-174-101,Admin,2025-12-03 06:56:42,accepte
250-152-169-174-101,Admin,2025-12-03 07:01:15,accepte
250-152-169-174-101,Admin,2025-12-03 07:03:11,accepte
250-152-169-174-101,Admin,2025-12-03 07:06:09,accepte
